body_type,avg_steps,avg_distance,avg_intensities,avg_active_duration,avg_idle_duration
Normal,9957.333333333334,6.58580643421433,365.3333333333333,300.6666666666667,862.3333333333334
Overweight,8338.75,5.9560820873333755,326.75,261.75,935.5
Obese,2235.0,1.5474999845027932,103.0,95.0,1273.0
